,cpu_requested,mem_requested,time
0,7450.4641119,5424.83321032,7175253913
1,7375.7700485,5323.05370132,12080236628
2,7640.7702549,5604.15755752,21225543534
3,7580.6678038,5789.89810512,34907927052
4,7553.2250295,5654.00315612,37309747251
5,7587.0824155,5682.82212042,37578614745
6,7605.6046559,5633.14749892,48549443583
7,7577.644174,5616.45441792,49765410245
8,7537.7774124,5732.66718672,50667199576
9,7404.5074362,5556.99363892,52183308669
10,7543.1453173,5611.88100702,54110469405
11,7505.6597996,5590.15912322,54513531067
12,7480.9658479,5529.69121562,55496527103
13,7413.4755924,5389.06263992,57957742727
14,7352.7027225,5361.37252912,63670605028
15,7513.566043,5818.04871612,83208386805
16,7452.1443917,5888.67120112,93858383530
17,7446.85923,5922.72912392,94246293320
18,7446.788649,5923.05555192,94256443945
19,7401.6007425,5578.06370692,97807916370
20,7362.2053601,5320.71351882,115670758874
21,7220.9713309,5379.17678512,122498325899
22,7330.2845355,5534.25245926,123208085817
23,7250.7484434,5297.00180842,126519063587
24,7240.3868364,5303.29464102,126560473976
25,7222.2560145,5487.71349342,128145485668
26,7143.7426585,5464.31864142,128310490306
27,7191.0787452,5691.77177502,129103889100
28,7390.8417869,5787.41830542,129514654933
29,7404.2948646,5822.63919202,129581142271
30,7425.7949916,5753.37962402,131620027149
31,7310.4874034,5230.91442552,134678296628
32,7495.5056151,5439.90367312,136881603395
33,7156.4217532,5166.78740952,148183352043
34,7204.2009067,5279.97893092,156014293519
35,7235.4433427,5586.14696952,161416930094
36,7347.242307,5667.64093512,171095074862
37,7390.8897712,5690.82237872,171432503820
38,7385.2304602,5675.15506932,171511493829
39,7460.2312296,6019.63773152,180473103300
40,7588.3815672,5995.01373532,184415443446
41,7602.5603859,5998.82011332,185504231636
42,7267.1092517,5300.15909181,192975585954
43,7136.2016617,5161.34043155,196168828848
44,7147.5984517,5196.04233592,196384937995
45,7145.8219424,5158.65215932,200623660560
46,7113.988299,5124.67029396,204070852775
47,7257.287223,5222.70596736,204719092084
48,7229.670408,5195.4862035,205945242797
49,7501.1421599,5513.37138203,212145960892
50,7403.0182206,5400.71513104,215881517331
51,7497.6034101,5569.23033608,222285427021
52,7473.3213866,5625.72410855,225640267283
53,7394.0256482,5559.43917047,227976674198
54,7201.0569741,5370.98201185,233078285105
55,7212.4874234,5385.94844694,233419663377
56,7196.4164068,5369.33995811,234184233901
57,7204.007796,5381.3326393,237754897717
58,7363.2744409,5449.55443044,239343381683
59,7266.4120129,5414.7658082,240062665016
60,7463.813755,5969.27375026,245401291877
61,7559.1005702,5982.54366749,246711083517
62,7552.2266212,5989.59183568,246862793255
63,7506.0409449,5964.98346272,259640995784
64,7424.9860629,5630.02922572,262237493827
65,7244.5073784,5083.05757763,279774492804
66,7119.809291,5122.34186029,282885664176
67,7004.7116372,5005.33757815,287746244112
68,7193.3573227,5025.61615266,290247787124
69,7193.0187521,5140.50163951,298753436423
70,6977.6251536,4910.11853769,303104155497
71,7321.1406721,5335.25077963,308725245324
72,7252.3094763,5257.70155371,311645565819
73,7015.0789686,4979.59781187,318631405315
74,6975.5821634,4928.67025487,319577322089
75,7281.4478709,5550.19743939,321860121900
76,7236.6681509,5551.3138602,322206832360
77,7192.8402109,5632.01409231,346019491468
78,7050.9772699,5366.66077857,346277586615
79,7147.1733369,5421.05360817,348509335222
80,6939.0314256,4921.03171434,356759612026
81,6843.6228451,4901.19305492,360137319185
82,6881.9620769,4907.09217994,362357116492
83,6994.7653746,4984.48990358,363673935771
84,6910.3454394,4875.49827975,369539351241
85,6964.4837277,4807.41474285,376696654683
86,7077.0204013,4955.24666403,378446239667
87,6865.9530064,5140.43269705,384685655230
88,6912.5330184,5159.52258882,384799186873
89,6911.2463284,5169.16007242,384893715556
90,7274.8399973,5574.05661162,388835466516
91,6952.1053963,5322.79555102,396680285693
92,6870.9770256,4980.68484932,398839164424
93,7011.0590886,5119.57275472,399319687391
94,6913.0706456,4899.28613472,403556009311
95,6965.5889219,4798.27068832,408151247532
96,7147.4586899,4845.06850672,412328751238
97,7053.2452129,4810.55885472,414567372007
98,7139.1705414,4938.33585122,417934419448
99,6952.8900299,4748.73361662,425618084352
100,6921.1674162,4725.44817742,425951202208
101,6975.4567679,4709.53599962,427067547625
102,7494.4808862,5057.14225002,462758872446
103,7377.8158572,5123.46221902,467204865351
104,7382.0586982,5196.35896482,474137412820
105,7020.5770299,4802.08735332,488326741174
106,7016.7547469,4799.45927472,488480634728
107,7125.7419289,4822.54781172,490549272869
108,7078.6663279,4795.78956132,497497195928
109,7354.0697769,4975.71973732,498492789734
110,7238.5536129,4952.87021872,500649195119
111,7283.9357057,5227.02679662,503327144847
112,7213.4429284,5188.72470762,503445882807
113,7313.8016669,4890.75173832,515475487269
114,7506.6470159,5198.84468832,521220789941
115,6985.8475999,4725.11331512,527253399219
116,6903.3745849,4737.77502172,530274962118
117,6912.5668814,4742.85275932,531778571300
118,6726.0088614,4682.38346812,532092331716
119,6893.9151314,4749.34370372,537674967757
120,7088.6569779,4887.49016072,543691933941
121,6925.944655,4693.81066272,547639221576
122,7089.3201452,5088.99423212,552361160167
123,7188.4768442,5132.37125432,553282072060
124,7106.9622479,5147.28791232,554155199467
125,7040.1989429,5097.25062472,555808849003
126,6699.2714602,4802.77984352,561013773616
127,6744.6979843,4783.16615872,566053890240
128,6856.8681016,5023.90298332,571767542659
129,6880.4582516,5014.68529732,574391621031
130,6874.9008036,5010.25442672,574626803481
131,6862.203005,4984.87022172,576003708658
132,6917.0559336,5019.07439572,576720706646
133,6776.3851851,5001.29484832,578607147404
134,6882.8674363,5095.75372532,580183295652
135,6976.7836613,5113.95110452,582914088685
136,6658.484092,4657.23914172,589230513956
137,6820.7229209,4835.99952872,590896122799
138,6802.4252222,4720.13269832,603553087235
139,6865.2396776,4856.10721012,608644202477
140,6786.2085444,4897.29984232,624095205430
141,6602.3166872,4784.25707732,627165007184
142,6758.2589226,5062.03035472,630135025683
143,6944.8915139,5064.38253512,640504769987
144,6740.9366152,4798.85348862,642627140770
145,7171.7464882,5160.19476652,646216776469
146,6904.0216869,4985.15221231,647551189252
147,6862.9340736,5017.06287012,649830112566
148,6858.7963243,4990.87357772,651412345582
149,6733.9106599,5109.75700676,657929660722
150,6759.5384423,5124.71885802,658956654057
151,6752.5183579,5078.48010572,660060875307
152,6683.4725066,4969.48349852,664497148569
153,6783.5862753,4851.11625812,669942104943
154,7124.6554389,4801.38578938,675501152995
155,7002.2536549,4988.99399962,678974997428
156,6908.6447962,4972.97878412,682674727561
157,6837.5229813,4963.41391512,684185308331
158,6786.8264463,4905.66345312,684389841163
159,6794.1712702,4929.95787772,685090220988
160,7307.5130962,5341.14011662,689392785811
161,7098.6261629,5555.69238562,696474496087
162,7022.7634639,5159.73606862,699376364910
163,6870.0185649,5133.01034362,699618100216
164,6885.6242769,5198.02173442,701032917333
165,7254.0521626,5511.02022762,707589437626
166,7429.2674619,5328.98202712,710892041792
167,7197.1381663,5412.53376912,712976812424
168,7254.5122569,5440.67766472,714342764046
169,7165.7601256,5422.29190572,715829085124
170,7396.3453326,5531.44007712,723180516825
171,7101.2226532,5411.02572272,724641295855
172,7291.5553319,5486.88791502,729711846240
173,7439.1158952,5548.19932152,731757415718
174,7548.1115136,5693.80818832,734112734429
175,7537.4424771,5511.71314212,743122795279
176,7364.2263078,5484.76120242,745203741194
177,7425.0113624,5507.61432322,747569806813
178,7274.3889384,5315.66714742,753440150544
179,7275.4372314,5351.35266742,755143766729
180,7264.7082998,5331.22749782,758037462294
181,7315.0902011,5327.56566222,759695011099
182,7442.1004934,5476.61144005,762022110295
183,7467.9285301,5517.27106986,763355243385
184,7341.9256115,5341.63844322,770925996973
185,7554.6836895,5523.36365472,774304820236
186,7498.4242114,5487.89306712,778178736705
187,7483.2165234,5518.40912748,788278865296
188,7375.1388784,5393.49005392,792042547402
189,7243.8431797,5048.38610752,793370184879
190,7438.4752777,5446.47329552,794920974347
191,7498.631651,5504.59391732,796481555303
192,7731.431311,5855.69503152,800249381776
193,7239.9062037,4989.57304178,801611106201
194,7277.559708,5037.90866652,802015045879
195,7427.886278,5076.29836352,803997994609
196,7564.402909,5248.86681392,804414628702
197,7432.1000603,5269.76546592,805604525861
198,7592.3304499,5354.21784652,808879763355
199,7296.2632903,5215.23832852,810878671878
200,7572.738256,5452.45929902,815205296744
201,7658.6976153,5497.91472892,819501923352
202,7634.0590719,5467.42620192,819521652907
203,7687.6288933,5524.17988532,819563530656
204,7702.8115224,5610.63307432,823360972773
205,7653.3221254,5615.02188392,823548079736
206,7376.4010701,5318.05757051,825749419690
207,7431.8024448,5349.52121692,827096249459
208,7142.7758004,5180.39966262,836898879848
209,7225.4101044,5174.39000522,837012505797
210,7157.5056334,5369.47450482,839147597947
211,7204.8340981,5503.17188312,843024831849
212,7311.8420637,5520.35872252,845116383596
213,7240.145955,5538.63678752,847093626280
214,7269.701212,5385.48413052,858607408739
215,7171.391997,5306.71269112,859723727986
216,7310.8027807,5750.79542778,875114406167
217,7408.574864,5737.36997632,876861649756
218,7548.6096353,6014.73980832,886486445942
219,7544.837623,6015.35125172,893118844428
220,7452.5218616,5845.05611332,899270852552
221,7455.6993546,5823.29610432,899383380853
222,7567.2420766,5915.01540312,900979168896
223,7339.4448316,5557.92065792,905636526293
224,7387.7233945,5701.30646612,913579810463
225,7482.160185,5702.94722463,915229879373
226,7320.3768655,5572.87262412,923441810882
227,7252.1780788,5603.79406012,924115835594
228,7252.0277235,5594.30296472,925115560167
229,6490.5872834,4805.71032472,929443155930
230,7209.7349294,5418.01469512,931120743054
231,7307.9386194,5617.02402402,938548199665
232,7219.7408371,5558.57075982,939622063876
233,7111.5044287,5366.66381352,941241557668
234,7322.2729401,5682.59708562,946933092951
235,7343.9464207,5682.98061302,948401158887
236,7196.5613033,5536.14573462,951744748559
237,7323.4887534,5682.01405302,952874704257
238,7383.7568521,5671.05833702,954126006589
239,7338.6074434,5808.73425502,956238119124
240,7428.7475981,5931.30528502,958026857461
241,7457.1525304,5886.52088762,959580030973
242,7378.5314541,5886.51016062,964454474691
243,7278.4661778,5712.24634842,964781850864
244,7186.5576776,5492.01522202,965925260188
245,7365.3429548,5607.32030704,968358148367
246,7585.3477054,5704.46381739,969696091639
247,7614.1506874,5791.68409504,969962447717
248,7267.8152684,5523.37443362,974631541174
249,7211.2034134,5548.77634421,978737339845
250,7463.5840418,5776.52473022,989442589600
251,7496.0328068,5906.57712722,990065180252
252,7204.0127101,5564.57995802,1002335061026
253,7357.6190504,5632.94154562,1014340709861
254,7358.2710721,5639.67429641,1014767632839
255,7298.4747204,5579.58391802,1016478586187
256,7127.8455674,5470.38532362,1020204045181
257,7208.1411111,5484.97189952,1025511470856
258,7237.2530534,5518.48643092,1028351971492
259,7185.5741767,5448.15796562,1033849363187
260,7242.4326107,5427.49323062,1035180553959
261,7293.1396654,5540.94273842,1042721653950
262,7241.3261404,5464.94928002,1043022495487
263,7056.9296624,5300.80454762,1046886026223
264,6905.4559944,5133.17918602,1052122437304
265,6928.5037974,5162.85534362,1056917482898
266,6946.1066274,5181.12102062,1059798142241
267,6942.3050664,5176.88146862,1059903912639
268,7496.1154724,5614.60009561,1072389252738
269,7492.8651304,5610.29136262,1072585327422
270,7472.1471964,5543.08989962,1074093374308
271,7473.9049514,5562.33019852,1075652565601
272,7446.3110234,5536.92441042,1076159395425
273,7470.0458891,5382.01736462,1085460157804
274,7489.2065581,5388.94218622,1085759906674
275,7488.9590291,5388.64150082,1085788952200
276,6993.8548178,5299.17153942,1090254932157
277,6982.4935855,5292.62946842,1090966567410
278,6936.0940545,5199.61345082,1093082250911
279,6909.8926958,5172.80789142,1096447836678
280,6856.7881251,5147.53760802,1101932800096
281,6853.3610134,5143.79820402,1103029321174
282,6878.9793797,5162.73075502,1107767400167
283,6903.9434744,5261.98262692,1109817338393
284,6897.1245894,5128.25861492,1111602907259
285,6918.1724954,5120.56724062,1112853681093
286,6924.9847014,5110.18105602,1113982429600
287,6909.6969307,5102.19044862,1114867141713
288,6898.7469214,5121.63589522,1115651100999
289,6891.3567494,5119.38435242,1115734726027
290,6896.4326907,5114.53008262,1116806363640
291,6893.9128214,5109.94845461,1117369578823
292,6843.4214404,5089.22223262,1118631097625
293,6831.0047204,5065.37590762,1119681161554
294,6995.4615377,5205.71916302,1122125012978
295,6994.0125094,5212.18748362,1124980865046
296,6958.9287141,5196.94526102,1127262100804
297,6786.3061354,5056.21971802,1138492111675
298,6793.1361731,5043.71284082,1139496600579
299,6772.8684701,5031.69428302,1140321107291
300,6929.2106804,5273.54306902,1147052813747
301,6928.2969067,5182.29313142,1147660177981
302,6776.8642287,5034.54236382,1148116382185
303,7223.8218464,5569.84759392,1160657491146
304,6996.2614764,5283.87041964,1162453452293
305,7404.9905357,5666.96176222,1165433232162
306,7049.5481841,5146.79344782,1168589331648
307,7032.8127858,5137.63189182,1169137111224
308,7000.1986648,5103.61986002,1169949642056
309,7043.2526008,5221.03640622,1178374898306
310,7027.6114445,5224.52949762,1184116200880
311,7001.3745692,5218.49808322,1184971244733
312,6966.8776591,5139.94746242,1189514833721
313,6947.6605234,5119.38171702,1189744589134
314,6960.0002504,5227.12038542,1191551519907
315,6990.2523387,5256.45877142,1193267764400
316,6987.2862667,5266.36959602,1197743937353
317,6987.5076144,5151.54253402,1211332397408
318,6974.1893834,5136.93258442,1212178405077
319,6999.8502774,5201.33971077,1219261180276
320,7012.9585014,5127.35505502,1228366154763
321,7046.2459174,5191.40016142,1230015597199
322,7019.0014094,5165.90526902,1230327476796
323,7054.0758944,5295.26887202,1233470582142
324,7123.1558981,5380.92464502,1238754685434
325,7039.3000397,5267.44407742,1243029461770
326,6964.8020427,5080.19064042,1243466395691
327,7428.4353865,5639.41437382,1249732045504
328,7438.2353074,5658.96967982,1250056696183
329,7381.6246532,5644.28111122,1252841302483
330,7007.3202065,5151.80489822,1255289657780
331,7027.8921515,5246.75715962,1255441094872
332,7280.9943608,5540.47677462,1259228378144
333,7021.8945182,5266.68276062,1260075102702
334,7031.8260642,5275.42031522,1260192613255
335,7026.7147002,5272.77902222,1260337980995
336,7026.1565032,5268.15066422,1260445123232
337,7042.8675538,5284.78048862,1261390362785
338,6971.0067548,5194.62212422,1263365635085
339,7232.2042232,5361.71310962,1264296293146
340,7023.0711848,5239.81965762,1265699191117
341,7161.4126294,5402.21760982,1272351368963
342,7165.5994414,5406.82220542,1272424440296
343,7148.3828064,5382.27882842,1272551102766
344,7256.8162688,5434.74697642,1275122242560
345,7315.6599794,5663.84885545,1276094310018
346,7222.5098654,5443.43858822,1278787800581
347,7232.8551851,5445.35995372,1280812533539
348,7105.7970371,5436.55519632,1282008586416
349,7000.2453714,5270.35000232,1283014980477
350,7036.0517431,5322.71720952,1288071063787
351,7131.3855268,5907.47128372,1291775561050
352,7138.2062528,5679.21822572,1292256535869
353,7286.4368569,5930.15170032,1293575224241
354,7260.5255568,6038.54876642,1299595721775
355,7543.9291294,6421.49784806,1305979100473
356,7270.3469274,5828.84953592,1308558190798
357,7250.8447744,5760.11229192,1309028941376
358,7556.2777374,5751.62305792,1318222742983
359,7338.7533554,5616.46194792,1321652938299
360,7548.1041064,5783.02904952,1322496310533
361,7117.5656364,5470.17924392,1328138109574
362,6952.8045261,5206.65528,1333594200944
363,7073.0564238,5227.31250832,1340216197383
364,7333.0918628,5584.36807652,1343992482094
365,7323.4327793,5664.37286732,1345551044354
366,6800.4481045,5124.97348072,1353704598255
367,7154.2898218,5446.01674232,1354629349320
368,7136.1299753,5485.94065732,1356656726991
369,7197.5470191,5467.20936252,1362163800177
370,6883.6643992,5002.01545592,1366922588884
371,7255.7274879,5498.40794142,1369305423984
372,7074.5449281,5327.30171702,1371318695903
373,7215.2772352,5513.88729122,1377721412398
374,6979.2693625,5313.35978702,1379712016146
375,7023.8046927,5338.60511002,1381404203682
376,7093.6804614,5561.12684912,1384902932645
377,6845.4991122,5048.12374872,1389673806177
378,6872.3518069,5076.06767572,1390169425254
379,6822.1393844,5181.32808972,1394728371335
380,6762.3311332,5102.18213272,1401730800711
381,6706.5279148,5232.01320612,1402488781816
382,6956.0519437,5427.84201472,1405598813041
383,6700.1669837,5204.95790975,1406116005102
384,6837.7066001,4976.47830672,1412679429410
385,6783.9246934,4908.62624072,1419079715278
386,7038.4375551,5090.69149452,1438910809969
387,7297.1597611,5608.66286652,1440926332773
388,7373.2531761,5309.12022332,1449186848122
389,7132.3462741,5235.39005432,1450074465964
390,7013.0098931,5153.21095843,1451512507811
391,7361.9538441,5547.25521912,1456492520237
392,7226.7618029,5495.23619292,1464824275297
393,7208.0941476,5482.37363072,1465627965534
394,7286.9814931,5383.32280912,1469747238831
395,7346.2547711,5386.03791812,1470052343273
396,7400.1197001,5595.64907272,1471077724870
397,7223.6349556,5468.94028372,1471226078899
398,7392.3618541,5450.79281212,1471302399922
399,7252.3061081,5466.21971812,1474052871312
400,7308.6918541,5515.50835772,1474088869690
401,7288.4567586,5560.25623272,1475844367703
402,7124.6827331,5218.97164972,1479475444226
403,7173.5175201,5300.32552392,1485884583674
404,7140.7875451,5249.56327852,1486136584316
405,7276.8916931,5169.32605882,1488847630184
406,7128.2526945,5099.93738992,1494450102845
407,7295.1682028,5138.91509592,1495345708022
408,7427.3644856,5087.20303992,1497279957620
409,7261.8781951,5161.56621892,1501356400814
410,7430.3309704,5241.72031332,1503521727152
411,7275.5345212,5242.98236042,1505994714352
412,7591.2348459,5669.79835282,1507606686998
413,7550.4642113,5613.65894012,1508579519285
414,7633.3589552,5630.85062072,1512099220343
415,7671.4771238,5617.19958772,1514225084671
416,7353.5817162,5365.19203272,1520246723438
417,7462.2379135,5550.23334372,1520987932815
418,7459.7158274,5472.67994792,1531125547048
419,7332.1674494,5275.37932637,1542283988813
420,7339.6641174,5302.07295437,1542302016210
421,7187.4462324,5285.21877642,1544261099123
422,7384.2796221,5320.10337447,1555240965475
423,7522.5790177,5331.72290652,1556965505640
424,7131.1345494,5185.94478652,1565761632748
425,7158.3050759,5459.60909192,1569263105272
426,7128.3863006,5360.50356292,1569637561048
427,7384.1291087,5375.00432874,1573547495437
428,7573.6637619,5476.13196432,1575461298427
429,7128.2790806,5212.02721647,1584070448636
430,7182.3188784,5158.33548452,1587335158186
431,7200.1616514,5180.28038052,1587485746556
432,7140.8760004,5183.67051392,1588569019357
433,7112.7756947,5171.09697792,1589302168643
434,7377.1205537,5282.98521152,1591603622463
435,7535.7182244,5947.05526942,1598084496167
436,7517.3908855,5807.92601742,1598281078149
437,7436.2635601,5846.99475582,1603436332692
438,7435.1001861,5918.71152272,1619939629256
439,7161.8068041,5719.33657418,1623608695733
440,7402.9785048,5741.59798202,1628510773320
441,7282.9877381,5701.84305232,1632129577417
442,7213.7029144,5602.31841272,1634091836063
443,7542.6187967,6079.25531852,1639603896648
444,7334.3935104,5968.79023492,1642488380574
445,7380.4165294,6067.63259652,1644590861801
446,6820.0175304,5434.25449952,1646215392723
447,6848.3911224,5363.66307252,1646911428080
448,7138.8317652,5576.73993992,1647688605499
449,6860.4010964,5081.94567852,1649948682904
450,6704.0047804,4948.85909152,1653107499734
451,6695.2508844,4946.19650292,1653658513363
452,6656.3259976,4951.17593352,1657458103028
453,6708.8298474,4968.15368132,1659132628365
454,6744.0179756,4982.98049292,1660481387523
455,6636.8265454,4928.39702452,1667209218633
456,6664.4881287,4917.48167352,1672256395344
457,6930.9282374,5163.89740222,1679588393760
458,7002.4208774,5168.98111972,1682354680334
459,7131.1944757,5250.51057932,1683084289967
460,7335.8881011,5825.69308032,1690001998806
461,7245.3474846,5828.58146232,1691435804660
462,7241.3356199,5827.09158171,1691564130245
463,7228.8262789,5819.60901832,1691638288306
464,7198.7599921,5807.43076682,1694069056048
465,7006.2611561,5538.92289932,1695358236773
466,7400.4698618,6104.31271352,1700498560989
467,7274.6298568,6028.41008832,1701019392930
468,7273.9138616,6024.30757032,1702654242499
469,7224.7705004,5959.17447852,1705239579535
470,7212.3958904,5946.81940552,1707171973312
471,7210.0266667,5814.94511352,1715456428805
472,7223.9100657,5819.39465552,1717901571285
473,6910.7148184,5485.96647692,1721046379489
474,7561.6439674,5898.78018272,1725302981472
475,7573.6299387,5913.95940252,1726719267092
476,7352.7894381,5798.57872052,1732136312595
477,7303.9780934,5750.67191952,1732310143851
478,6831.3658264,5426.23727792,1751754316553
479,6824.6576634,5421.88464332,1751896730300
480,6738.2231729,5319.95080552,1757276819024
481,6659.1583834,5258.27203192,1757540905641
482,6659.6799734,5259.19477792,1757556578760
483,6532.7738381,5106.29253492,1760906799802
484,6775.9802797,5226.32220632,1763162255514
485,6453.2584794,4840.56752292,1764345101645
486,6609.6472257,5026.72060252,1764974463054
487,6608.2351367,5025.91329452,1764998688874
488,6713.3071926,5296.79054972,1778601270484
489,6557.7096921,4928.99164892,1786318175626
490,6570.0745896,5154.09988992,1789307966948
491,6579.1639144,5180.12729052,1790472233816
492,6585.3818334,5186.82990752,1790817616419
493,6600.7846304,5173.61575952,1794795058089
494,6306.056097,4736.91651152,1798358922378
495,6352.4386015,4838.15181032,1799944910538
496,6407.2905264,4784.27363152,1801643245334
497,6318.8519857,4721.13055052,1804371414237
498,6382.7027943,4841.32532732,1808254204834
499,6399.0845125,4773.51641752,1810656538534
500,6425.3415482,4801.16883252,1810910395016
501,6437.246932,4768.76865252,1811904899128
502,6388.399871,4764.68287752,1813088259037
503,6587.6101694,5061.70671152,1816835341591
504,6631.9581214,4817.45442052,1823583071301
505,6370.9490796,4805.17467652,1830522523468
506,6353.3118439,4854.20466342,1831511886657
507,6429.7386661,4812.99200952,1833208486794
508,6524.4941594,4984.13418852,1837300323994
509,6584.8917789,5035.53730812,1843334506688
510,6629.6421904,5190.97034252,1846232518888
511,6639.6984144,5305.52362332,1847175038178
512,6973.1326662,5691.37348822,1853120532734
513,6836.8997971,5462.19299672,1859261525522
514,6586.4272548,5257.87329412,1860905462404
515,6597.5723255,5164.19591592,1864534132240
516,6767.9103711,5228.08345432,1880698057985
517,6765.9311221,5220.60687852,1880878515261
518,6750.5978471,5335.69676251,1884152257310
519,6731.9798491,5350.90596152,1884494665021
520,6729.9507531,5362.74049052,1884841291350
521,6726.7986331,5357.45445792,1884908987084
522,6821.8946548,5518.93771082,1885704139034
523,6764.0576355,5485.86542881,1885953245132
524,7257.8063121,5571.45896732,1890101209476
525,7230.8248931,5463.39303392,1896947971810
526,7265.7777974,5712.59428652,1900231305101
527,7040.4852891,5408.95277572,1905029343279
528,7031.8328121,5396.74634612,1905055413062
529,6857.1342683,5123.21510083,1906732110220
530,7298.6650211,5950.46080352,1915891292475
531,7463.7356831,5826.31508292,1922933655243
532,7527.5727074,6091.82525852,1927771880919
533,7432.4281707,6200.38352732,1929642039327
534,7481.7479184,6191.48322192,1929851710873
535,7571.7765514,6218.87245732,1931666306590
536,7592.7005694,6264.47871152,1931940698321
537,7356.7458858,6062.64259142,1939876334393
538,7341.1323677,5850.16004672,1943350345908
539,7520.9604537,6242.48641827,1947375039638
540,7546.1031188,6306.00839932,1948227713268
541,7546.1750808,6074.66702152,1950697897515
542,7559.7968658,6311.27572992,1954227719614
543,7314.9756168,6130.07874632,1958803126050
544,7269.0603165,5926.24340192,1959653266798
545,7267.387017,5976.73910987,1959810509550
546,7335.9574848,5888.79881972,1974787041824
547,7368.8234118,5675.76207322,1984160483865
548,7359.5683244,5674.23029722,1986074834020
549,7288.0650357,5717.84246277,1986856936372
550,7248.3166901,5741.02826472,2001732460919
551,7310.6425368,5786.65514272,2004857719385
552,7159.1656341,5828.31482932,2008098577087
553,7049.2134571,5686.17295732,2009640166181
554,7086.7736371,5874.40515332,2010665267175
555,7158.3795291,5523.40039432,2014265338528
556,7403.5206017,5848.22039212,2020115451332
557,7158.5078079,5741.54651522,2026240949049
558,7275.8672974,5780.83529012,2028644395361
559,7167.0923168,5714.60768312,2031638019665
560,7041.8261415,5593.98770132,2033989885907
561,7213.3959842,5808.01629772,2036678746121
562,6787.6801051,5739.33830572,2045194111866
563,7020.9856558,5702.33529332,2046982525924
564,7233.7690157,5667.40041192,2051698847449
565,7001.4920987,6375.01851312,2054892877176
566,7027.4239977,5664.65801752,2056583396668
567,7337.0704665,5797.66151242,2059048334375
568,6806.3198521,5125.64172912,2082299668513
569,7322.2687311,5424.59507692,2083474369608
570,6939.3285641,5086.20153252,2086382389244
571,6837.6282141,5290.09925612,2087746971039
572,6853.9995318,5252.98962312,2088547482375
573,7416.8531178,5591.18633312,2090666785512
574,7258.4864831,5403.03541152,2092330188960
575,7330.9997221,5458.34770212,2094231230128
576,7331.0153421,5458.36323212,2094231763434
577,7378.9006444,5370.91731872,2097471237030
578,7484.3786938,5522.75479352,2101975236507
579,7237.0379894,5354.22186312,2105527523326
580,7088.4411544,5272.99485172,2106946591608
581,7426.2341174,5618.48472292,2107409245119
582,7464.9260224,5524.47396142,2115011059438
583,7362.9109792,6037.98940162,2117164897031
584,7459.8232585,5665.70487412,2122609193552
585,7347.4271477,5514.68765292,2124805961110
586,7304.9627354,5557.33700792,2137730031936
587,7156.5151764,5670.03986832,2142111161624
588,7404.7538902,5822.55754582,2146385698528
589,7445.1993572,5857.07911782,2146640850215
590,7433.7485171,5900.62454682,2147221688900
591,7220.3148444,5682.51093682,2149259299348
592,7347.4214104,5703.80610762,2149625972116
593,7302.7935414,5696.89227872,2150261457734
594,7329.5239728,5707.13814352,2155011038079
595,7329.2180278,5705.74362252,2155047160200
596,7252.4606565,5426.07263072,2157652473229
597,7079.6545014,5695.88746232,2159793368097
598,7036.4995995,5593.52051772,2162898908471
599,7044.8946625,5505.37238927,2165707172054
600,6922.5556103,5332.08758772,2167638226906
601,7330.9572005,5628.01165832,2172004176293
602,7397.5439039,5706.76577502,2174834641217
603,7369.9465074,5673.49834622,2176317401108
604,7387.0430165,5692.19237362,2178027075263
605,7366.9417591,5749.05253202,2180546464967
606,7459.3927048,5706.89571302,2182479967169
607,7715.4066445,5908.06153662,2185447196165
608,6666.6659963,5327.41502712,2206227101004
609,7123.7760527,5667.67416972,2209341037944
610,7191.7636147,5820.97898852,2209683119033
611,7078.3287517,5646.63817732,2211128498160
612,7041.1907709,5629.60646092,2214164866298
613,7047.5042189,5637.32301592,2214315473178
614,6545.0033612,5119.56779332,2217190144914
615,6544.1499612,5122.23553792,2217286612685
616,6973.9993179,5433.67603492,2219569860388
617,6899.5779145,5170.85152832,2222480754218
618,6499.3598185,4847.9007003,2224658739866
619,6815.9953775,5131.87875092,2236759700239
620,6922.1866765,5067.96620192,2238168036159
621,6842.7065187,5363.67980392,2241915994032
622,7101.8650616,5842.54670552,2244079853044
623,6932.1371465,5723.44725972,2250674688450
624,7070.2812693,5749.68912352,2253976499661
625,7168.9810495,5872.48393352,2255508447772
626,7035.9138575,5338.45172832,2256973758967
627,6943.6158395,5280.98169432,2257870714637
628,6893.7059105,5279.76431852,2263875809869
629,7161.5206284,5388.65436132,2265502502924
630,7144.6593855,5400.57517952,2270914896014
631,7073.6872803,5181.70895232,2274023859598
632,7028.5719555,5608.56965492,2280170424952
633,6680.1643485,5331.77937252,2282343561614
634,7057.5088638,5411.20350172,2287769364149
635,7017.7178448,5417.28844772,2288909587024
636,7300.8164342,5675.29952532,2291661069444
637,7128.2635935,5398.03861362,2310088266168
638,7161.0700875,5463.81522322,2313433024713
639,7167.5676865,5505.83508361,2314356569406
640,6936.0358692,5022.05591692,2324665167815
641,7040.5921355,5103.63267272,2325470980035
642,6855.0310462,4957.55781352,2327034301364
643,7157.8988448,5232.20083192,2332196363689
644,7007.7107468,5194.13199592,2332507194533
645,6828.5368705,5215.14452192,2335174182302
646,7077.1600925,5418.09150992,2335755654850
647,6839.6631935,5168.83118892,2336579227976
648,6662.2565095,4977.55101492,2337655683669
649,6981.6956145,4917.92858952,2341538149085
650,6999.5043495,4900.57890852,2342140210304
651,7001.4589135,4905.04689532,2342467456251
652,6411.359142,4862.67742732,2346252180474
653,6636.8961557,4973.07754392,2351872379210
654,6737.3273865,4845.50823372,2356019857950
655,6556.2929745,5140.66384892,2366398402684
656,6499.6247695,4933.36352052,2367172119091
657,6418.6070437,4949.48875822,2372008792026
658,7131.3347525,5501.60598332,2374480082737
659,6792.7716779,5441.22016792,2376121761651
660,7136.8603216,5522.01219852,2381525385896
661,6756.0393574,5084.46848852,2383295928967
662,7240.7450336,5459.02465862,2387446519304
663,7197.2993729,5459.07632202,2389436316023
664,6839.8575139,5064.44328142,2391087699131
665,6829.9712676,5097.70460362,2391570494351
666,6911.1430207,5145.65409422,2394185093388
667,6868.7802979,5093.57885422,2397028730352
668,6525.6892492,4859.95403222,2401466911073
669,7113.2613295,5001.26909732,2409974548383
670,7095.6871405,4992.26653792,2411234446688
671,7011.0843562,5051.33645932,2413411299158
672,6639.1241562,5038.09159032,2422541466863
673,6604.590464,5224.24489592,2425970548364
674,6449.0780982,5198.11573792,2427686179033
675,6837.8092269,5353.24749292,2431532239506
676,6753.5713917,5328.61641592,2434668040902
677,6842.6692604,5366.98588592,2435453452798
678,6892.5940985,5279.15495192,2440296127388
679,7311.4134965,5824.38979672,2456414544177
680,6528.4515782,5433.30153782,2463868609963
681,7104.7097096,5949.51842282,2465888003438
682,7192.9168256,5962.62218982,2466598796954
683,6439.1566754,5315.05730622,2470030137844
684,6627.2706749,5352.59974802,2471119015256
685,6500.6422639,5272.57143912,2473419193306
686,6646.2144029,6795.74745832,2476477071037
687,6503.1565059,5281.63410112,2477904876753
688,6543.899985,6426.83299452,2478317989060
689,6447.0155617,6276.28686912,2480616145011
690,6410.5786389,6561.69556552,2481226429785
691,6150.6955935,4771.12475892,2483825305609
692,6479.9507195,5131.94617352,2486600492146
693,6172.3721263,6676.44649442,2490532713612
694,6160.0756659,7713.53847242,2492417589386
695,6287.3855048,4826.79409522,2498253092625
